{"cameraMode":{"drawMode":0,"name":"Shaded","section":"Shading Mode"},"sceneLighting":true,"audioPlay":false,"sceneViewState":{"m_AlwaysRefresh":false,"showFog":true,"showSkybox":true,"showFlares":true,"showImageEffects":true,"showParticleSystems":true,"showVisualEffectGraphs":true,"m_FxEnabled":true},"in2DMode":false,"pivot":{"x":-2.4049315452575685,"y":-3.7144851684570314,"z":2.202986717224121},"rotation":{"x":0.19254276156425477,"y":-0.2201411873102188,"z":0.04437220096588135,"w":0.9552481770515442},"size":10.255152702331543,"orthographic":false}